category,indicator_name,source,series_id,frequency,units,enabled,status,file_path
通胀 / 通胀预期,CPI,fred,CPIAUCSL,m,,True,active,D:\note\pandas_project\gold_price_analysis\data\fred\通胀_通胀预期\CPI.csv
通胀 / 通胀预期,CPI_同比,fred,,m,,True,active,D:\note\pandas_project\gold_price_analysis\data\fred\通胀_通胀预期\CPI_同比.csv
通胀 / 通胀预期,CPI_环比,fred,,m,,True,active,D:\note\pandas_project\gold_price_analysis\data\fred\通胀_通胀预期\CPI_环比.csv
通胀 / 通胀预期,CPI_环比年化,fred,,m,,True,active,D:\note\pandas_project\gold_price_analysis\data\fred\通胀_通胀预期\CPI_环比年化.csv
通胀 / 通胀预期,核心CPI,fred,CPILFESL,m,,True,active,D:\note\pandas_project\gold_price_analysis\data\fred\通胀_通胀预期\核心CPI.csv
通胀 / 通胀预期,核心CPI_同比,fred,,m,,True,active,D:\note\pandas_project\gold_price_analysis\data\fred\通胀_通胀预期\核心CPI_同比.csv
通胀 / 通胀预期,核心CPI_环比,fred,,m,,True,active,D:\note\pandas_project\gold_price_analysis\data\fred\通胀_通胀预期\核心CPI_环比.csv
通胀 / 通胀预期,核心CPI_环比年化,fred,,m,,True,active,D:\note\pandas_project\gold_price_analysis\data\fred\通胀_通胀预期\核心CPI_环比年化.csv
通胀 / 通胀预期,PCE,fred,PCEPI,m,,True,active,D:\note\pandas_project\gold_price_analysis\data\fred\通胀_通胀预期\PCE.csv
通胀 / 通胀预期,PCE_同比,fred,,m,,True,active,D:\note\pandas_project\gold_price_analysis\data\fred\通胀_通胀预期\PCE_同比.csv
通胀 / 通胀预期,PCE_环比,fred,,m,,True,active,D:\note\pandas_project\gold_price_analysis\data\fred\通胀_通胀预期\PCE_环比.csv
通胀 / 通胀预期,PCE_环比年化,fred,,m,,True,active,D:\note\pandas_project\gold_price_analysis\data\fred\通胀_通胀预期\PCE_环比年化.csv
通胀 / 通胀预期,核心PCE,fred,PCEPILFE,m,,True,active,D:\note\pandas_project\gold_price_analysis\data\fred\通胀_通胀预期\核心PCE.csv
通胀 / 通胀预期,核心PCE_同比,fred,,m,,True,active,D:\note\pandas_project\gold_price_analysis\data\fred\通胀_通胀预期\核心PCE_同比.csv
通胀 / 通胀预期,核心PCE_环比,fred,,m,,True,active,D:\note\pandas_project\gold_price_analysis\data\fred\通胀_通胀预期\核心PCE_环比.csv
通胀 / 通胀预期,核心PCE_环比年化,fred,,m,,True,active,D:\note\pandas_project\gold_price_analysis\data\fred\通胀_通胀预期\核心PCE_环比年化.csv
通胀 / 通胀预期,PPI,fred,PPIACO,m,,True,active,D:\note\pandas_project\gold_price_analysis\data\fred\通胀_通胀预期\PPI.csv
通胀 / 通胀预期,PPI_同比,fred,,m,,True,active,D:\note\pandas_project\gold_price_analysis\data\fred\通胀_通胀预期\PPI_同比.csv
通胀 / 通胀预期,PPI_环比,fred,,m,,True,active,D:\note\pandas_project\gold_price_analysis\data\fred\通胀_通胀预期\PPI_环比.csv
通胀 / 通胀预期,PPI_环比年化,fred,,m,,True,active,D:\note\pandas_project\gold_price_analysis\data\fred\通胀_通胀预期\PPI_环比年化.csv
通胀 / 通胀预期,GDP平减指数,fred,GDPDEF,q,,True,active,D:\note\pandas_project\gold_price_analysis\data\fred\通胀_通胀预期\GDP平减指数.csv
通胀 / 通胀预期,GDP平减指数_同比,fred,,q,,True,active,D:\note\pandas_project\gold_price_analysis\data\fred\通胀_通胀预期\GDP平减指数_同比.csv
通胀 / 通胀预期,GDP平减指数_环比,fred,,q,,True,active,D:\note\pandas_project\gold_price_analysis\data\fred\通胀_通胀预期\GDP平减指数_环比.csv
通胀 / 通胀预期,GDP平减指数_环比年化,fred,,q,,True,active,D:\note\pandas_project\gold_price_analysis\data\fred\通胀_通胀预期\GDP平减指数_环比年化.csv
通胀 / 通胀预期,密歇根大学1年通胀预期,fred,MICH,m,,True,active,D:\note\pandas_project\gold_price_analysis\data\fred\通胀_通胀预期\密歇根大学1年通胀预期.csv
通胀 / 通胀预期,5年盈亏平衡通胀率,fred,T5YIE,d,,True,active,D:\note\pandas_project\gold_price_analysis\data\fred\通胀_通胀预期\5年盈亏平衡通胀率.csv
通胀 / 通胀预期,10年盈亏平衡通胀率,fred,T10YIE,d,,True,active,D:\note\pandas_project\gold_price_analysis\data\fred\通胀_通胀预期\10年盈亏平衡通胀率.csv
通胀 / 通胀预期,5年期5年期前瞻通胀预期,fred,T5YIFR,d,,True,active,D:\note\pandas_project\gold_price_analysis\data\fred\通胀_通胀预期\5年期5年期前瞻通胀预期.csv
通胀 / 通胀预期,10年期通胀预期_名义减实际,fred,,d,,True,active,D:\note\pandas_project\gold_price_analysis\data\fred\通胀_通胀预期\10年期通胀预期_名义减实际.csv
名义利率,联邦基金利率,fred,FEDFUNDS,m,,True,active,D:\note\pandas_project\gold_price_analysis\data\fred\名义利率\联邦基金利率.csv
名义利率,SOFR,fred,SOFR,d,,True,active,D:\note\pandas_project\gold_price_analysis\data\fred\名义利率\SOFR.csv
名义利率,3个月美债收益率,fred,TB3MS,m,,True,active,D:\note\pandas_project\gold_price_analysis\data\fred\名义利率\3个月美债收益率.csv
名义利率,10年期美债收益率,fred,DGS10,d,,True,active,D:\note\pandas_project\gold_price_analysis\data\fred\名义利率\10年期美债收益率.csv
真实利率,10年期TIPS实际收益率,fred,DFII10,d,,True,active,D:\note\pandas_project\gold_price_analysis\data\fred\真实利率\10年期TIPS实际收益率.csv
汇率,美元广义贸易加权指数,fred,DTWEXBGS,d,,True,active,D:\note\pandas_project\gold_price_analysis\data\fred\汇率\美元广义贸易加权指数.csv
货币供应量指标,M1,fred,M1SL,m,,True,active,D:\note\pandas_project\gold_price_analysis\data\fred\货币供应量指标\M1.csv
货币供应量指标,M2,fred,M2SL,m,,True,active,D:\note\pandas_project\gold_price_analysis\data\fred\货币供应量指标\M2.csv
货币供应量指标,货币基础,fred,BOGMBASE,m,,True,active,D:\note\pandas_project\gold_price_analysis\data\fred\货币供应量指标\货币基础.csv
就业指标,非农就业人数,fred,PAYEMS,m,,True,active,D:\note\pandas_project\gold_price_analysis\data\fred\就业指标\非农就业人数.csv
就业指标,失业率,fred,UNRATE,m,,True,active,D:\note\pandas_project\gold_price_analysis\data\fred\就业指标\失业率.csv
信用利差,投资级信用利差_OAS,fred,BAMLC0A0CM,d,,True,active,D:\note\pandas_project\gold_price_analysis\data\fred\信用利差\投资级信用利差_OAS.csv
信用利差,高收益信用利差_OAS,fred,BAMLH0A0HYM2,d,,True,active,D:\note\pandas_project\gold_price_analysis\data\fred\信用利差\高收益信用利差_OAS.csv
信用利差,TED利差,fred,TEDRATE,d,,True,active,D:\note\pandas_project\gold_price_analysis\data\fred\信用利差\TED利差.csv
金融压力,圣路易斯金融压力指数,fred,STLFSI4,w,,True,active,D:\note\pandas_project\gold_price_analysis\data\fred\金融压力\圣路易斯金融压力指数.csv
油价指标,WTI原油现货价,fred,DCOILWTICO,d,,True,active,D:\note\pandas_project\gold_price_analysis\data\fred\油价指标\WTI原油现货价.csv
油价指标,Brent原油现货价,fred,DCOILBRENTEU,d,,True,active,D:\note\pandas_project\gold_price_analysis\data\fred\油价指标\Brent原油现货价.csv
工业金属,铜价,fred,PCOPPUSDM,m,,True,active,D:\note\pandas_project\gold_price_analysis\data\fred\工业金属\铜价.csv
通胀 / 通胀预期,SPF通胀预期,fred,,q,,False,deferred,D:\note\pandas_project\gold_price_analysis\data\fred\通胀_通胀预期\SPF通胀预期.csv
黄金ETF,GLD持仓,wgc,,d,,False,deferred,D:\note\pandas_project\gold_price_analysis\data\fred\黄金ETF\GLD持仓.csv
黄金衍生品,COT黄金净多头,cftc,,w,,False,deferred,D:\note\pandas_project\gold_price_analysis\data\fred\黄金衍生品\COT黄金净多头.csv
波动率,GVZ,cboe,,d,,False,deferred,D:\note\pandas_project\gold_price_analysis\data\fred\波动率\GVZ.csv
地缘政治,GPR Index,policyuncertainty,,m,,False,deferred,D:\note\pandas_project\gold_price_analysis\data\fred\地缘政治\GPR Index.csv
